ecephys_session_id,behavior_session_id,date_of_acquisition,equipment_name,session_type,mouse_id,genotype,sex,project_code,age_in_days,probes_annotated_in_ccf,unit_count,channel_count,structure_acronyms,session_number,novel_image_id,has_lfp
1173189336,1173237009,2022-04-26 21:10:46,NP.1,EPHYS_2,604914,Sst-IRES-Cre/wt;Ai32(RCL-ChR2(H134R)_EYFP)/wt,F,DynamicGating_DEV,203,"['probeA', 'probeB', 'probeC', 'probeD', 'probeE', 'probeF']",1758,2304,"['CA2', 'VISrl', 'out of brain', 'ORBm', 'CA1', 'TTd', 'CA3', 'STR', 'MOs', 'AV', 'ILA', 'TRS', 'No Area', 'LGd', 'FRP', 'VL', 'SEZ', 'VPM', 'PL', 'LGv', 'VISp', 'DP', 'SF', 'TH', 'ACAd', 'LSc', 'SSp', 'DG']",2,im114_r-1.0,False
1173741216,1173788279,2022-04-28 23:01:55,NP.1,EPHYS_4,604914,Sst-IRES-Cre/wt;Ai32(RCL-ChR2(H134R)_EYFP)/wt,F,DynamicGating_DEV,203,"['probeA', 'probeB', 'probeC', 'probeD', 'probeE', 'probeF']",2262,2304,"['CA2', 'VISrl', 'out of brain', 'ORBm', 'CA1', 'TTd', 'CA3', 'MOs', 'AD', 'ILA', 'No Area', 'LGd', 'VL', 'SEZ', 'VPM', 'PL', 'LGv', 'VISp', 'RT', 'DP', 'SF', 'TH', 'V3', 'ACAd', 'PAL', 'ACAv', 'LSc', 'SSp', 'DG']",4,im087_r-1.0,False
1182427414,1182459075,2022-06-06 15:35:05.429000,NP.1,EPHYS_1,607660,Sst-IRES-Cre/wt;Ai32(RCL-ChR2(H134R)_EYFP)/wt,F,DynamicGating_DEV,225,"['probeA', 'probeB', 'probeC', 'probeE', 'probeF']",2267,1920,"['SCsg', 'out of brain', 'TTd', 'MD', 'STR', 'MOs', 'SCop', 'AV', 'ProS', 'ILA', 'No Area', 'MB', 'Track not annotated', 'VL', 'SCiw', 'OLF', 'SEZ', 'SCzo', 'LSr', 'PL', 'SUB', 'VISp', 'DP', 'TH', 'V3', 'ACAd', 'ACAv', 'MRN', 'RSPd', 'LSc', 'SCig', 'DG', 'SSp', 'RSPv']",1,im104_r-1.0,True
1182628226,1182661832,2022-06-07 14:25:34.215000,NP.1,EPHYS_2,607660,Sst-IRES-Cre/wt;Ai32(RCL-ChR2(H134R)_EYFP)/wt,F,DynamicGating_DEV,225,"['probeA', 'probeB', 'probeC', 'probeD', 'probeE', 'probeF']",2452,2304,"['VISl', 'CA2', 'IGL', 'MGv', 'PoT', 'APN', 'out of brain', 'CA1', 'SGN', 'CP', 'CA3', 'PIL', 'STR', 'MB', 'No Area', 'PO', 'LGd', 'VL', 'DT', 'MOp', 'LGv', 'LP', 'VISpm', 'VISp', 'RT', 'TH', 'LD', 'RSPagl', 'SCig', 'SSp', 'DG', 'HPF', 'POST', 'POL']",2,im114_r-1.0,True
1182871514,1182899502,2022-06-08 14:18:10.420000,NP.1,EPHYS_3,607660,Sst-IRES-Cre/wt;Ai32(RCL-ChR2(H134R)_EYFP)/wt,F,DynamicGating_DEV,225,"['probeA', 'probeB', 'probeC', 'probeD', 'probeE', 'probeF']",2605,2304,"['IGL', 'out of brain', 'CA1', 'TTd', 'MD', 'CP', 'CA3', 'STR', 'MOs', 'AV', 'ProS', 'ILA', 'No Area', 'MB', 'LGd', 'VL', 'OLF', 'LSr', 'PL', 'LGv', 'VISp', 'PPT', 'DP', 'SF', 'VISal', 'TH', 'V3', 'ACAd', 'ACAv', 'MRN', 'RSPd', 'LSc', 'SSp', 'DG', 'RSPv', 'NOT']",3,im005_r-1.0,True
1183071525,1183102079,2022-06-09 14:11:16.580000,NP.1,EPHYS_4,607660,Sst-IRES-Cre/wt;Ai32(RCL-ChR2(H134R)_EYFP)/wt,F,DynamicGating_DEV,225,"['probeA', 'probeB', 'probeC', 'probeD', 'probeE', 'probeF']",2375,2304,"['VISl', 'CA2', 'PoT', 'APN', 'out of brain', 'CA1', 'SGN', 'CP', 'CA3', 'STR', 'ProS', 'No Area', 'MB', 'PO', 'LGd', 'VL', 'DT', 'VPM', 'MOp', 'LGv', 'LP', 'VISp', 'RT', 'TH', 'LD', 'RSPagl', 'VISa', 'SSp', 'VISli', 'DG', 'HPF', 'POST', 'POL']",4,im087_r-1.0,True
1177900858,1177960947,2022-05-17 14:49:09.618000,NP.1,EPHYS_1,608671,Sst-IRES-Cre/wt;Ai32(RCL-ChR2(H134R)_EYFP)/wt,M,DynamicGating_DEV,222,"['probeC', 'probeD', 'probeE', 'probeF']",1871,1536,"['CA2', 'out of brain', 'CA1', 'CA3', 'STR', 'MOs', 'AV', 'AD', 'ILA', 'No Area', 'Track not annotated', 'VL', 'SEZ', 'LSr', 'PL', 'VISp', 'DP', 'VISal', 'TH', 'ACAd', 'ACAv', 'SSp', 'DG', 'IG']",1,im104_r-1.0,True
1178173272,1178236346,2022-05-18 14:48:48.743000,NP.1,EPHYS_2,608671,Sst-IRES-Cre/wt;Ai32(RCL-ChR2(H134R)_EYFP)/wt,M,DynamicGating_DEV,222,"['probeB', 'probeC', 'probeD', 'probeE', 'probeF']",1760,1920,"['SubG', 'IGL', 'out of brain', 'CA1', 'SGN', 'CP', 'CA3', 'LSv', 'STR', 'AV', 'No Area', 'Track not annotated', 'LGd', 'VL', 'SEZ', 'Eth', 'LSr', 'MOp', 'LGv', 'LP', 'SUB', 'BST', 'VISpm', 'VISp', 'SF', 'TH', 'LD', 'SSp', 'DG', 'POST']",2,im114_r-1.0,True
1178460518,1178532134,2022-05-19 14:43:22.978000,NP.1,EPHYS_3,608671,Sst-IRES-Cre/wt;Ai32(RCL-ChR2(H134R)_EYFP)/wt,M,DynamicGating_DEV,222,"['probeB', 'probeC', 'probeE', 'probeF']",1969,1536,"['out of brain', 'CA1', 'CA3', 'STR', 'MOs', 'ProS', 'No Area', 'Track not annotated', 'LGd', 'VL', 'SEZ', 'LSr', 'PL', 'LP', 'VISp', 'MS', 'TH', 'ACAd', 'LD', 'VISa', 'ACAv', 'SSp', 'DG', 'VAL']",3,im005_r-1.0,True
1178693650,1178737854,2022-05-20 11:14:02.013000,NP.1,EPHYS_4,608671,Sst-IRES-Cre/wt;Ai32(RCL-ChR2(H134R)_EYFP)/wt,M,DynamicGating_DEV,222,"['probeB', 'probeC', 'probeE', 'probeF']",1278,1536,"['IGL', 'out of brain', 'CA1', 'SGN', 'CP', 'CA3', 'No Area', 'PO', 'LGd', 'VL', 'DT', 'MOp', 'LGv', 'LP', 'SUB', 'VISpm', 'VISp', 'SF', 'TH', 'V3', 'LD', 'SSp', 'DG', 'POST', 'POL']",4,im087_r-1.0,True
1174553025,1174585672,2022-05-02 15:19:21.026000,NP.1,EPHYS_1,608672,Sst-IRES-Cre/wt;Ai32(RCL-ChR2(H134R)_EYFP)/wt,F,DynamicGating_DEV,208,"['probeA', 'probeB', 'probeC', 'probeD', 'probeE', 'probeF']",2230,2304,"['VISl', 'MGv', 'APN', 'out of brain', 'CA1', 'CP', 'CA3', 'PP', 'LT', 'AV', 'MB', 'No Area', 'VL', 'MOp', 'SUB', 'PF', 'VISp', 'PRE', 'SF', 'MGd', 'TH', 'V3', 'RSPd', 'SSp', 'DG', 'HPF', 'RSPv', 'NOT']",1,im104_r-1.0,True
1174790219,1174826567,2022-05-03 13:56:38.592000,NP.1,EPHYS_2,608672,Sst-IRES-Cre/wt;Ai32(RCL-ChR2(H134R)_EYFP)/wt,F,DynamicGating_DEV,208,"['probeA', 'probeB', 'probeC', 'probeD', 'probeE', 'probeF']",2449,2304,"['VISl', 'SCsg', 'out of brain', 'CA1', 'TTd', 'CP', 'STR', 'SCdg', 'MOs', 'SCop', 'NB', 'AV', 'ILA', 'PAG', 'MB', 'No Area', 'SCdw', 'VL', 'SCiw', 'OLF', 'SEZ', 'SCzo', 'LSr', 'PL', 'VISp', 'ACAd', 'LD', 'RSPagl', 'MRN', 'RSPd', 'SCig', 'VISli', 'SSp', 'POST', 'RSPv']",2,im114_r-1.0,True
1175067685,1175099033,2022-05-04 14:11:50.167000,NP.1,EPHYS_3,608672,Sst-IRES-Cre/wt;Ai32(RCL-ChR2(H134R)_EYFP)/wt,F,DynamicGating_DEV,208,"['probeA', 'probeB', 'probeC', 'probeD', 'probeE', 'probeF']",2304,2304,"['ENTm', 'VISl', 'CA2', 'MGv', 'APN', 'out of brain', 'CA1', 'CP', 'CA3', 'PP', 'NLL', 'VISpor', 'ProS', 'MB', 'No Area', 'VL', 'P', 'MOp', 'LP', 'SUB', 'CL', 'PF', 'VISp', 'PAR', 'SF', 'MGd', 'TH', 'RSPagl', 'MRN', 'RSPd', 'SSp', 'VISli', 'DG', 'HPF', 'RSPv']",3,im005_r-1.0,True
1175253205,1175312578,2022-05-05 13:04:16.894000,NP.1,EPHYS_4,608672,Sst-IRES-Cre/wt;Ai32(RCL-ChR2(H134R)_EYFP)/wt,F,DynamicGating_DEV,208,"['probeA', 'probeB', 'probeC', 'probeD', 'probeE', 'probeF']",2315,2304,"['VISl', 'VPL', 'SCsg', 'out of brain', 'CA1', 'STR', 'VISpor', 'SCdg', 'MOs', 'SCop', 'ILA', 'PAG', 'No Area', 'MB', 'SCdw', 'VL', 'SCiw', 'SEZ', 'SCzo', 'LSr', 'PL', 'VISp', 'RT', 'PRE', 'TEa', 'ACAd', 'MRN', 'RSPd', 'SCig', 'VISli', 'SSp', 'POST', 'RSPv']",4,im087_r-1.0,True
1176580734,1176620114,2022-05-11 15:04:15.060000,NP.1,EPHYS_2,611160,Ai32(RCL-ChR2(H134R)_EYFP)/wt,M,DynamicGating_DEV,172,[],1580,0,['Track not annotated'],2,im114_r-1.0,True
1176791184,1176825880,2022-05-12 14:26:48.113000,NP.1,EPHYS_3,611160,Ai32(RCL-ChR2(H134R)_EYFP)/wt,M,DynamicGating_DEV,172,[],1857,0,['Track not annotated'],3,im005_r-1.0,True
1176989662,1177032132,2022-05-13 11:14:13.373000,NP.1,EPHYS_4,611160,Ai32(RCL-ChR2(H134R)_EYFP)/wt,M,DynamicGating_DEV,172,[],1927,0,['Track not annotated'],4,im087_r-1.0,True
1189336645,1189415155,2022-07-05 14:23:05.263000,NP.1,EPHYS_1,611166,Sst-IRES-Cre/wt;Ai32(RCL-ChR2(H134R)_EYFP)/wt,F,DynamicGating_DEV,228,[],1487,0,['Track not annotated'],1,im104_r-1.0,True
1189820015,1189906466,2022-07-06 15:16:04.220000,NP.1,EPHYS_2,611166,Sst-IRES-Cre/wt;Ai32(RCL-ChR2(H134R)_EYFP)/wt,F,DynamicGating_DEV,228,[],750,0,['Track not annotated'],2,im114_r-1.0,True
1190094328,1190124105,2022-07-07 14:02:13.853000,NP.1,EPHYS_3,611166,Sst-IRES-Cre/wt;Ai32(RCL-ChR2(H134R)_EYFP)/wt,F,DynamicGating_DEV,228,[],1011,0,['Track not annotated'],3,im005_r-1.0,True
1190290940,1190313454,2022-07-08 10:24:29.245000,NP.1,EPHYS_4,611166,Sst-IRES-Cre/wt;Ai32(RCL-ChR2(H134R)_EYFP)/wt,F,DynamicGating_DEV,228,[],921,0,['Track not annotated'],4,im087_r-1.0,True
1179670730,1179717742,2022-05-24 14:26:31.876000,NP.1,EPHYS_1,612090,Vip-IRES-Cre/wt;Ai32(RCL-ChR2(H134R)_EYFP)/wt,M,DynamicGating_DEV,180,"['probeA', 'probeB', 'probeC', 'probeD', 'probeE', 'probeF']",3086,2304,"['VPL', 'CA2', 'VISrl', 'PoT', 'out of brain', 'SGN', 'CA1', 'TTd', 'CP', 'CA3', 'STR', 'MOs', 'ProS', 'ILA', 'TRS', 'No Area', 'MB', 'RSPv', 'VL', 'OLF', 'Eth', 'LSr', 'PL', 'LGv', 'LP', 'SUB', 'VISp', 'ACB', 'PPT', 'RT', 'SF', 'DP', 'TH', 'V3', 'ACAd', 'RPF', 'ACAv', 'MRN', 'NPC', 'LSc', 'RSPd', 'DG', 'HPF', 'SSp', 'OP', 'POL', 'NOT']",1,im104_r-1.0,True
1179911454,1179945643,2022-05-25 14:46:50.138000,NP.1,EPHYS_2,612090,Vip-IRES-Cre/wt;Ai32(RCL-ChR2(H134R)_EYFP)/wt,M,DynamicGating_DEV,180,"['probeB', 'probeC', 'probeD', 'probeE', 'probeF']",1296,1920,"['VISl', 'CA2', 'out of brain', 'CA1', 'CP', 'CA3', 'LSv', 'MOs', 'No Area', 'PO', 'VL', 'LSr', 'MOp', 'LGv', 'VISp', 'RT', 'VISal', 'LD', 'VISa', 'SSp', 'DG']",2,im114_r-1.0,True
1180107381,1180136630,2022-05-26 13:59:23.837000,NP.1,EPHYS_3,612090,Vip-IRES-Cre/wt;Ai32(RCL-ChR2(H134R)_EYFP)/wt,M,DynamicGating_DEV,180,"['probeA', 'probeB', 'probeC', 'probeD', 'probeF']",2480,1920,"['VPL', 'CA2', 'MGm', 'VISrl', 'PoT', 'out of brain', 'SGN', 'CA1', 'SFO', 'TTd', 'CA3', 'STR', 'MOs', 'AV', 'AD', 'ProS', 'TRS', 'ILA', 'No Area', 'Track not annotated', 'OLF', 'LSr', 'MOp', 'PL', 'LP', 'VISp', 'RT', 'DP', 'PVT', 'SF', 'V3', 'ACAd', 'LD', 'RSPagl', 'ACAv', 'LSc', 'SSp', 'DG']",3,im005_r-1.0,True
1180266229,1180344154,2022-05-27 11:27:39.873000,NP.1,EPHYS_4,612090,Vip-IRES-Cre/wt;Ai32(RCL-ChR2(H134R)_EYFP)/wt,M,DynamicGating_DEV,180,"['probeC', 'probeE']",1867,768,"['LD', 'IGL', 'No Area', 'SSp', 'Track not annotated', 'LGv', 'DG', 'CA1', 'VL', 'LGd', 'CA3', 'VISp']",4,im087_r-1.0,True
1181096406,1181158215,2022-05-31 15:15:44.760000,NP.1,EPHYS_1,614547,Vip-IRES-Cre/wt;Ai32(RCL-ChR2(H134R)_EYFP)/wt,M,DynamicGating_DEV,167,"['probeA', 'probeB', 'probeD', 'probeE', 'probeF']",2257,1920,"['out of brain', 'CA1', 'TTd', 'CA3', 'STR', 'MOs', 'ILA', 'No Area', 'PO', 'VL', 'OLF', 'SEZ', 'VPM', 'PT', 'LSr', 'MOp', 'PL', 'LP', 'RT', 'DP', 'SF', 'V3', 'ACAd', 'LD', 'VISa', 'ACAv', 'LSc', 'SSp', 'DG']",1,im104_r-1.0,True
1181324124,1181368438,2022-06-01 13:54:07.026000,NP.1,EPHYS_2,614547,Vip-IRES-Cre/wt;Ai32(RCL-ChR2(H134R)_EYFP)/wt,M,DynamicGating_DEV,167,"['probeA', 'probeB', 'probeC', 'probeD', 'probeE', 'probeF']",2532,2304,"['CA2', 'VISrl', 'out of brain', 'CA1', 'CP', 'CA3', 'LSv', 'STR', 'MOs', 'AD', 'TRS', 'No Area', 'PO', 'LGd', 'PT', 'LSr', 'MOp', 'VISp', 'RT', 'PVT', 'SF', 'VISal', 'TH', 'V3', 'ACAd', 'LD', 'ACAv', 'RSPd', 'LSc', 'SSp', 'DG', 'RSPv']",2,im114_r-1.0,True
1181731440,1181781821,2022-06-03 11:10:03.464000,NP.1,EPHYS_4,614547,Vip-IRES-Cre/wt;Ai32(RCL-ChR2(H134R)_EYFP)/wt,M,DynamicGating_DEV,167,"['probeA', 'probeB', 'probeC', 'probeE', 'probeF']",1710,1920,"['CA2', 'VISrl', 'IAD', 'CA1', 'MD', 'CA3', 'MOs', 'AV', 'AD', 'TRS', 'No Area', 'Track not annotated', 'VL', 'SEZ', 'Eth', 'PT', 'LSr', 'MOp', 'LP', 'CL', 'VISp', 'RT', 'SF', 'V3', 'ACAd', 'LD', 'ACAv', 'RSPd', 'LSc', 'SSp', 'DG', 'VAL', 'AMd', 'RSPv']",4,im087_r-1.0,True
1187475832,1187501365,2022-06-27 15:44:58.776000,NP.1,EPHYS_1,614608,Sst-IRES-Cre/wt;Ai32(RCL-ChR2(H134R)_EYFP)/wt,M,DynamicGating_DEV,194,"['probeA', 'probeB', 'probeC', 'probeD', 'probeE', 'probeF']",2853,2304,"['CA2', 'MGm', 'SCsg', 'MGv', 'out of brain', 'CA1', 'SGN', 'TTd', 'CP', 'CA3', 'MOs', 'SCop', 'ILA', 'MB', 'No Area', 'VL', 'SCiw', 'VPM', 'SCzo', 'PL', 'LGv', 'LP', 'SUB', 'VISp', 'RT', 'DP', 'SF', 'MGd', 'TH', 'V3', 'ACAd', 'RPF', 'RSPagl', 'RSPd', 'MRN', 'NPC', 'SSp', 'SCig', 'DG', 'HPF', 'RSPv']",1,im104_r-1.0,True
1187668018,1187706525,2022-06-28 14:16:55.019000,NP.1,EPHYS_2,614608,Sst-IRES-Cre/wt;Ai32(RCL-ChR2(H134R)_EYFP)/wt,M,DynamicGating_DEV,194,"['probeA', 'probeB', 'probeC', 'probeD', 'probeE', 'probeF']",2612,2304,"['CA2', 'PoT', 'out of brain', 'APN', 'SGN', 'CA1', 'CP', 'CA3', 'LSv', 'STR', 'MOs', 'TRS', 'No Area', 'VISam', 'Eth', 'LSr', 'MOp', 'LP', 'SUB', 'VISp', 'PVT', 'SF', 'V3', 'ACAd', 'RSPagl', 'ACAv', 'RSPd', 'LSc', 'SSp', 'DG', 'HPF', 'RSPv', 'NOT']",2,im114_r-1.0,True
1187940755,1187966621,2022-06-29 15:05:53.771000,NP.1,EPHYS_3,614608,Sst-IRES-Cre/wt;Ai32(RCL-ChR2(H134R)_EYFP)/wt,M,DynamicGating_DEV,194,"['probeB', 'probeC', 'probeD', 'probeE', 'probeF']",2356,1920,"['VPL', 'CA2', 'OP', 'MGv', 'out of brain', 'SSs', 'SGN', 'CA1', 'CP', 'CA3', 'MOs', 'ILA', 'MB', 'No Area', 'MPT', 'VL', 'VPM', 'PL', 'SUB', 'VISp', 'PPT', 'RT', 'DP', 'MGd', 'V3', 'ACAd', 'RPF', 'RSPd', 'NPC', 'SSp', 'DG', 'HPF', 'POST', 'VAL', 'RSPv', 'NOT']",3,im005_r-1.0,True
1188138256,1188247028,2022-06-30 14:39:29.170000,NP.1,EPHYS_4,614608,Sst-IRES-Cre/wt;Ai32(RCL-ChR2(H134R)_EYFP)/wt,M,DynamicGating_DEV,194,"['probeA', 'probeB', 'probeC', 'probeE', 'probeF']",1988,1920,"['SCsg', 'CA2', 'out of brain', 'APN', 'CA1', 'SFO', 'CP', 'CA3', 'STR', 'MOs', 'SCop', 'TRS', 'No Area', 'VISam', 'Track not annotated', 'PO', 'VL', 'VPM', 'SCzo', 'LSr', 'MOp', 'LP', 'VISpm', 'PPT', 'PVT', 'SF', 'TH', 'V3', 'ACAd', 'RSPagl', 'ACAv', 'RSPd', 'LSc', 'SSp', 'DG', 'POST', 'RSPv', 'NOT']",4,im087_r-1.0,True
1190892228,1190940684,2022-07-11 15:40:05.549000,NP.1,EPHYS_1,615047,Vip-IRES-Cre/wt;Ai32(RCL-ChR2(H134R)_EYFP)/wt,M,DynamicGating_DEV,205,"['probeA', 'probeB', 'probeD', 'probeE', 'probeF']",2358,1920,"['CA2', 'IGL', 'ORBvl', 'out of brain', 'ORBm', 'CA1', 'TTd', 'CP', 'CA3', 'LSv', 'STR', 'MOs', 'AD', 'ILA', 'IntG', 'TRS', 'No Area', 'Track not annotated', 'LGd', 'FRP', 'VL', 'OLF', 'SEZ', 'LSr', 'DP', 'SF', 'VISal', 'ACAd', 'LD', 'ACAv', 'RSPd', 'LSc', 'SSp', 'DG']",1,im104_r-1.0,True
1191131853,1191171011,2022-07-12 14:18:09.723000,NP.1,EPHYS_2,615047,Vip-IRES-Cre/wt;Ai32(RCL-ChR2(H134R)_EYFP)/wt,M,DynamicGating_DEV,205,"['probeA', 'probeB', 'probeC', 'probeD', 'probeE', 'probeF']",1914,2304,"['IAD', 'IGL', 'out of brain', 'CA1', 'CP', 'CA3', 'LSv', 'MOs', 'No Area', 'MB', 'RSPv', 'VL', 'SEZ', 'PT', 'LSr', 'MOp', 'LGv', 'SUB', 'VISp', 'RT', 'SF', 'TH', 'V3', 'ACAd', 'ACAv', 'RSPd', 'NPC', 'LSc', 'SSp', 'DG', 'HPF', 'OP', 'NOT']",2,im114_r-1.0,True
1191375883,1191402762,2022-07-13 14:17:52.010000,NP.1,EPHYS_3,615047,Vip-IRES-Cre/wt;Ai32(RCL-ChR2(H134R)_EYFP)/wt,M,DynamicGating_DEV,205,"['probeA', 'probeB', 'probeC', 'probeD', 'probeE', 'probeF']",1740,2304,"['CA2', 'AON', 'IGL', 'ORBvl', 'out of brain', 'ORBm', 'CA1', 'CP', 'CA3', 'STR', 'MOs', 'No Area', 'ORBl', 'FRP', 'VL', 'OLF', 'SEZ', 'LSr', 'LGv', 'RT', 'DP', 'VISal', 'ACAd', 'VISa', 'ACAv', 'RSPagl', 'RSPd', 'LSc', 'SSp']",3,im005_r-1.0,True
1191631184,1191660619,2022-07-14 13:38:02.072000,NP.1,EPHYS_4,615047,Vip-IRES-Cre/wt;Ai32(RCL-ChR2(H134R)_EYFP)/wt,M,DynamicGating_DEV,205,"['probeA', 'probeB', 'probeC', 'probeD', 'probeE', 'probeF']",1699,2304,"['VPL', 'CA2', 'VISrl', 'IAD', 'APN', 'out of brain', 'CA1', 'MD', 'CP', 'CA3', 'MOs', 'ProS', 'No Area', 'VL', 'SEZ', 'PT', 'LSr', 'MOp', 'LGv', 'SUB', 'VISp', 'RT', 'SF', 'V3', 'ACAd', 'ACAv', 'RSPd', 'LSc', 'SSp', 'DG']",4,im087_r-1.0,True
1197514969,1197547900,2022-08-09 14:33:37.222000,NP.1,EPHYS_1,615048,Vip-IRES-Cre/wt;Ai32(RCL-ChR2(H134R)_EYFP)/wt,M,DynamicGating,233,"['probeA', 'probeB', 'probeC', 'probeD', 'probeE', 'probeF']",2559,2304,"['VISl', 'CA2', 'MGm', 'IAD', 'MGv', 'out of brain', 'CA1', 'MD', 'CP', 'CA3', 'PIL', 'LSv', 'STR', 'MOs', 'SCop', 'TRS', 'No Area', 'MB', 'VL', 'SCzo', 'LSr', 'MOp', 'ACB', 'MS', 'PPT', 'SF', 'MGd', 'V3', 'ACAd', 'RSPagl', 'ACAv', 'RSPd', 'MRN', 'LSc', 'SSp', 'DG', 'HPF', 'RSPv', 'NOT']",1,im104_r-1.0,True
1197725774,1197751799,2022-08-10 14:14:53.846000,NP.1,EPHYS_2,615048,Vip-IRES-Cre/wt;Ai32(RCL-ChR2(H134R)_EYFP)/wt,M,DynamicGating,233,"['probeA', 'probeB', 'probeC', 'probeD', 'probeE', 'probeF']",2246,2304,"['VPL', 'CA2', 'VISrl', 'OP', 'out of brain', 'CA1', 'CA3', 'STR', 'MOs', 'TRS', 'No Area', 'MB', 'MPT', 'PO', 'LGd', 'VL', 'SEZ', 'VPM', 'PT', 'LSr', 'MOp', 'LP', 'SUB', 'VISp', 'PPT', 'PVT', 'SF', 'TH', 'V3', 'ACAd', 'ACAv', 'RSPd', 'NPC', 'LSc', 'SSp', 'DG', 'HPF', 'RSPv']",2,im114_r-1.0,True
1197967151,1198001226,2022-08-11 14:13:42.892000,NP.1,EPHYS_3,615048,Vip-IRES-Cre/wt;Ai32(RCL-ChR2(H134R)_EYFP)/wt,M,DynamicGating,233,"['probeA', 'probeB', 'probeC', 'probeD', 'probeE', 'probeF']",2742,2304,"['VISl', 'CA2', 'MGv', 'out of brain', 'APN', 'CA1', 'MD', 'CP', 'CA3', 'LSv', 'STR', 'MOs', 'MB', 'No Area', 'LGd', 'VL', 'LSr', 'MOp', 'SUB', 'CL', 'VISpm', 'VISp', 'TH', 'ACAd', 'RSPagl', 'ACAv', 'LSc', 'SSp', 'DG', 'HPF', 'NOT']",3,im005_r-1.0,True
1198130743,1198165587,2022-08-12 09:21:15.402000,NP.1,EPHYS_4,615048,Vip-IRES-Cre/wt;Ai32(RCL-ChR2(H134R)_EYFP)/wt,M,DynamicGating,233,"['probeA', 'probeB', 'probeC', 'probeD', 'probeE', 'probeF']",2557,2304,"['VPL', 'CA2', 'out of brain', 'CA1', 'ZI', 'SFO', 'CP', 'CA3', 'LSv', 'MOs', 'TRS', 'No Area', 'MB', 'LGd', 'VL', 'VPM', 'LSr', 'MOp', 'LGv', 'PF', 'VISp', 'RT', 'PVT', 'SF', 'TH', 'V3', 'ACAd', 'RSPd', 'ACAv', 'SSp', 'LSc', 'DG', 'HPF']",4,im087_r-1.0,True
1194411467,1194443657,2022-07-26 15:36:06.211000,NP.1,EPHYS_1,615563,Sst-IRES-Cre/wt;Ai32(RCL-ChR2(H134R)_EYFP)/wt,M,DynamicGating,213,"['probeA', 'probeB', 'probeC', 'probeD', 'probeE', 'probeF']",2878,2304,"['VISl', 'CA2', 'SCsg', 'IAD', 'ORBvl', 'out of brain', 'APN', 'ORBm', 'CA1', 'TTd', 'MD', 'CP', 'CA3', 'LSv', 'STR', 'MOs', 'SCop', 'ILA', 'No Area', 'MB', 'FRP', 'VL', 'SCiw', 'OLF', 'SEZ', 'SCzo', 'LSr', 'LGv', 'CL', 'VISp', 'DP', 'TH', 'ACAd', 'RSPagl', 'ACAv', 'RSPd', 'SCig', 'SSp', 'DG', 'AMd', 'RSPv']",1,im104_r-1.0,True
1194850630,1194907400,2022-07-28 13:48:52.855000,NP.1,EPHYS_3,615563,Sst-IRES-Cre/wt;Ai32(RCL-ChR2(H134R)_EYFP)/wt,M,DynamicGating,213,"['probeA', 'probeB', 'probeC', 'probeD', 'probeE', 'probeF']",2106,2304,"['VISl', 'CA2', 'SCsg', 'IAD', 'IGL', 'ORBvl', 'APN', 'out of brain', 'ORBm', 'CA1', 'ZI', 'TTd', 'CP', 'CA3', 'STR', 'MOs', 'SCop', 'AV', 'ILA', 'IntG', 'No Area', 'MB', 'VL', 'OLF', 'SCzo', 'LSr', 'PL', 'CL', 'VISp', 'DP', 'TH', 'ACAd', 'RSPagl', 'ACAv', 'RSPd', 'LSc', 'SCig', 'DG', 'SSp', 'VAL', 'RSPv']",3,im005_r-1.0,True
1195036753,1195077403,2022-07-29 10:27:02.280000,NP.1,EPHYS_4,615563,Sst-IRES-Cre/wt;Ai32(RCL-ChR2(H134R)_EYFP)/wt,M,DynamicGating,213,"['probeA', 'probeB', 'probeC', 'probeD', 'probeE', 'probeF']",1975,2304,"['VISrl', 'SubG', 'IGL', 'out of brain', 'CA1', 'CP', 'CA3', 'MOs', 'ProS', 'TRS', 'No Area', 'MB', 'LGd', 'VL', 'VPM', 'PT', 'LSr', 'MOp', 'LGv', 'SUB', 'PF', 'VISp', 'SF', 'PVT', 'V3', 'ACAd', 'ACAv', 'RSPd', 'LSc', 'SSp', 'DG', 'RSPv']",4,im087_r-1.0,True
1198796984,1198837896,2022-08-15 15:26:07.549000,NP.1,EPHYS_1,615564,Sst-IRES-Cre/wt;Ai32(RCL-ChR2(H134R)_EYFP)/wt,M,DynamicGating,234,"['probeA', 'probeB', 'probeC', 'probeD', 'probeE']",2460,1920,"['out of brain', 'CA1', 'CP', 'CA3', 'STR', 'No Area', 'Track not annotated', 'LGd', 'VL', 'SEZ', 'Eth', 'VPM', 'MOp', 'LP', 'VISp', 'RT', 'VISal', 'TH', 'RSPagl', 'SSp', 'DG']",1,im104_r-1.0,True
1198995158,1199032699,2022-08-16 13:10:07.169000,NP.1,EPHYS_2,615564,Sst-IRES-Cre/wt;Ai32(RCL-ChR2(H134R)_EYFP)/wt,M,DynamicGating,234,"['probeA', 'probeB', 'probeD', 'probeE', 'probeF']",2604,1920,"['VISl', 'VPL', 'MGm', 'CA2', 'MGv', 'APN', 'CA1', 'MD', 'CP', 'PIL', 'CA3', 'LH', 'AD', 'ProS', 'No Area', 'MB', 'Track not annotated', 'VL', 'MOp', 'SUB', 'CL', 'PPT', 'RT', 'MGd', 'RSPagl', 'MRN', 'SSp', 'SCig', 'DG', 'VAL', 'RSPv', 'NOT']",2,im114_r-1.0,True
1199249150,1199279085,2022-08-17 14:37:56.496000,NP.1,EPHYS_3,615564,Sst-IRES-Cre/wt;Ai32(RCL-ChR2(H134R)_EYFP)/wt,M,DynamicGating,234,"['probeA', 'probeD', 'probeE', 'probeF']",2074,1536,"['MGm', 'MGv', 'CA1', 'ZI', 'CP', 'CA3', 'STR', 'MOs', 'HY', 'No Area', 'Track not annotated', 'LGd', 'VL', 'SEZ', 'MOp', 'ACB', 'RT', 'VISal', 'TH', 'SSp', 'DG']",3,im005_r-1.0,True
1199448636,1199481781,2022-08-18 14:02:03.221000,NP.1,EPHYS_4,615564,Sst-IRES-Cre/wt;Ai32(RCL-ChR2(H134R)_EYFP)/wt,M,DynamicGating,234,"['probeA', 'probeB', 'probeC', 'probeD', 'probeE', 'probeF']",2078,2304,"['VISl', 'VPL', 'CA2', 'MGm', 'VISrl', 'MGv', 'APN', 'CA1', 'MD', 'CP', 'CA3', 'PIL', 'LH', 'STR', 'MOs', 'AD', 'ProS', 'No Area', 'MB', 'VL', 'MOp', 'LP', 'SUB', 'CL', 'VISp', 'RT', 'PPT', 'MGd', 'TH', 'RSPagl', 'MRN', 'VISa', 'SCig', 'SSp', 'DG', 'HPF', 'RSPv', 'NOT']",4,im087_r-1.0,True
1208053773,1208130881,2022-09-07 14:09:04.311000,NP.1,EPHYS_2,623319,wt/wt,M,DynamicGating,195,"['probeA', 'probeB', 'probeD', 'probeE']",1948,1536,"['VISl', 'MGm', 'MGv', 'out of brain', 'CA1', 'ZI', 'MD', 'CP', 'CA3', 'MOs', 'AV', 'No Area', 'Track not annotated', 'VL', 'SEZ', 'LSr', 'CL', 'SF', 'MGd', 'TH', 'ACAd', 'RSPd', 'LSc', 'SSp', 'DG', 'RSPv']",2,im114_r-1.0,True
1208664393,1208696315,2022-09-08 14:21:31.393000,NP.1,EPHYS_3,623319,wt/wt,M,DynamicGating,195,"['probeA', 'probeB', 'probeC', 'probeD', 'probeF']",1862,1920,"['CA2', 'VISrl', 'APN', 'out of brain', 'CA1', 'ZI', 'MD', 'CP', 'CA3', 'STR', 'MOs', 'IntG', 'No Area', 'MB', 'Track not annotated', 'LGd', 'VPM', 'CM', 'PT', 'MOp', 'SUB', 'VISp', 'PPT', 'SF', 'VISal', 'TH', 'V3', 'ACAd', 'ACAv', 'MRN', 'RSPd', 'LSc', 'SCig', 'DG', 'HPF', 'RSPv', 'NOT']",3,im005_r-1.0,True
1209073822,1209141898,2022-09-09 10:56:25.834000,NP.1,EPHYS_4,623319,wt/wt,M,DynamicGating,195,"['probeB', 'probeC', 'probeE', 'probeF']",2408,1536,"['SCsg', 'IGL', 'APN', 'CA1', 'CP', 'CA3', 'LSv', 'MOs', 'SCop', 'No Area', 'MB', 'VISam', 'Track not annotated', 'PO', 'LGd', 'VL', 'SEZ', 'SCzo', 'LSr', 'PL', 'LGv', 'LP', 'VISpm', 'VISp', 'RSPagl', 'RSPd', 'VISa', 'SCig', 'SSp', 'DG', 'POST', 'RSPv']",4,im087_r-1.0,True
1200260055,1200293835,2022-08-22 14:32:56.070000,NP.1,EPHYS_1,623322,wt/wt,M,DynamicGating,181,"['probeA', 'probeB', 'probeC', 'probeD', 'probeE', 'probeF']",1921,2304,"['CA2', 'VISrl', 'SubG', 'IGL', 'out of brain', 'CA1', 'ZI', 'MD', 'CA3', 'LH', 'MOs', 'SCop', 'AV', 'ProS', 'No Area', 'MB', 'LGd', 'VL', 'SEZ', 'VPM', 'MOp', 'LGv', 'SUB', 'VISp', 'PPT', 'TH', 'V3', 'ACAd', 'MRN', 'RSPd', 'SSp', 'DG', 'RSPv', 'NOT']",1,im104_r-1.0,True
1200471383,1200501839,2022-08-23 15:23:46.588000,NP.1,EPHYS_2,623322,wt/wt,M,DynamicGating,181,"['probeA', 'probeB', 'probeC', 'probeD', 'probeE', 'probeF']",1946,2304,"['VISl', 'CA2', 'out of brain', 'CA1', 'CP', 'CA3', 'PP', 'LT', 'MOs', 'No Area', 'MB', 'PO', 'VL', 'SEZ', 'LSr', 'MOp', 'LP', 'VISpm', 'SF', 'TH', 'LD', 'RSPagl', 'LSc', 'SSp', 'DG', 'VISli']",2,im114_r-1.0,True
1200659846,1200693008,2022-08-24 14:28:27.680000,NP.1,EPHYS_3,623322,wt/wt,M,DynamicGating,181,"['probeA', 'probeB', 'probeD', 'probeE', 'probeF']",1954,1920,"['VPL', 'CA2', 'IAD', 'MGv', 'out of brain', 'CA1', 'MD', 'CA3', 'LH', 'MOs', 'AV', 'ProS', 'No Area', 'Track not annotated', 'VL', 'SEZ', 'PCN', 'VPM', 'MOp', 'LGv', 'LP', 'SUB', 'VISp', 'RT', 'VISal', 'MGd', 'TH', 'V3', 'LD', 'SSp', 'DG', 'VAL']",3,im005_r-1.0,True
1200878248,1200916621,2022-08-25 14:20:29.007000,NP.1,EPHYS_4,623322,wt/wt,M,DynamicGating,181,"['probeA', 'probeB', 'probeC', 'probeD', 'probeE', 'probeF']",1854,2304,"['VISl', 'IGL', 'out of brain', 'CA1', 'ZI', 'CP', 'CA3', 'MOs', 'TRS', 'IntG', 'No Area', 'PO', 'VL', 'SEZ', 'LSr', 'LP', 'VISpm', 'SF', 'TH', 'V3', 'ACAd', 'LD', 'RSPagl', 'LSc', 'SSp', 'DG', 'HPF']",4,im087_r-1.0,True
1202438738,1202475617,2022-08-29 14:55:28.889000,NP.1,EPHYS_1,623784,wt/wt,M,DynamicGating,185,"['probeA', 'probeB', 'probeC', 'probeD', 'probeE', 'probeF']",1575,2304,"['AMv', 'IAD', 'APN', 'out of brain', 'SSs', 'CA1', 'CP', 'CA3', 'MOs', 'AV', 'AD', 'No Area', 'RSPv', 'VL', 'SEZ', 'MOp', 'LGv', 'SUB', 'VISp', 'RT', 'VISal', 'V3', 'ACAd', 'RSPagl', 'ACAv', 'MRN', 'RSPd', 'LSc', 'SSp', 'DG', 'HPF', 'VAL', 'AMd', 'OP', 'NOT']",1,im104_r-1.0,True
1202644967,1202677394,2022-08-30 14:29:33.310000,NP.1,EPHYS_2,623784,wt/wt,M,DynamicGating,185,"['probeA', 'probeB', 'probeC', 'probeD', 'probeE', 'probeF']",2130,2304,"['VISl', 'IGL', 'out of brain', 'APN', 'CA1', 'CP', 'CA3', 'STR', 'MOs', 'ILA', 'No Area', 'VL', 'PL', 'LGv', 'LP', 'SUB', 'BST', 'VISp', 'DP', 'VISal', 'ACAd', 'LD', 'RSPagl', 'ACAv', 'PAL', 'LSc', 'SSp', 'DG', 'HPF', 'POST', 'POL']",2,im114_r-1.0,True
1203574877,1203707202,2022-08-31 14:20:27.736000,NP.1,EPHYS_3,623784,wt/wt,M,DynamicGating,185,"['probeA', 'probeB', 'probeC', 'probeD', 'probeE', 'probeF']",1326,2304,"['SSs', 'out of brain', 'APN', 'CA1', 'CP', 'CA3', 'LH', 'MOs', 'AV', 'No Area', 'VL', 'MOp', 'LGv', 'SUB', 'VISp', 'RT', 'VISal', 'TH', 'V3', 'ACAd', 'RSPagl', 'RSPd', 'SSp', 'DG', 'NOT']",3,im005_r-1.0,True
1204636084,1204748653,2022-09-01 13:08:44.470000,NP.1,EPHYS_4,623784,wt/wt,M,DynamicGating,185,"['probeA', 'probeB', 'probeC', 'probeD', 'probeE', 'probeF']",1975,2304,"['VISl', 'out of brain', 'APN', 'CA1', 'TTd', 'CP', 'CA3', 'STR', 'MOs', 'ILA', 'MB', 'No Area', 'VL', 'SEZ', 'LSr', 'PL', 'LGv', 'SUB', 'BST', 'VISp', 'DP', 'ACAd', 'LD', 'RSPagl', 'ACAv', 'PAL', 'LSc', 'VISli', 'DG', 'HPF', 'SSp', 'POST', 'POL']",4,im087_r-1.0,True
1210343162,1210387759,2022-09-12 15:07:16.489000,NP.1,EPHYS_1,623786,wt/wt,M,DynamicGating,199,"['probeA', 'probeB', 'probeC', 'probeD', 'probeE', 'probeF']",2079,2304,"['CA2', 'VISrl', 'IAD', 'out of brain', 'APN', 'CA1', 'MD', 'CP', 'CA3', 'LSv', 'STR', 'MOs', 'TRS', 'No Area', 'MB', 'VL', 'VPM', 'LSr', 'MOp', 'LGv', 'SUB', 'VISp', 'RT', 'SF', 'V3', 'RSPagl', 'MRN', 'RSPd', 'SSp', 'DG', 'NOT']",1,im104_r-1.0,True
1210608527,1210650674,2022-09-13 14:19:40.314000,NP.1,EPHYS_2,623786,wt/wt,M,DynamicGating,199,"['probeA', 'probeB', 'probeC', 'probeD', 'probeE', 'probeF']",1858,2304,"['out of brain', 'CA1', 'CA3', 'LSv', 'MOs', 'MH', 'No Area', 'PO', 'LGd', 'VL', 'SEZ', 'VPM', 'LSr', 'PL', 'VISp', 'SF', 'TH', 'V3', 'ACAd', 'LD', 'RSPagl', 'LSc', 'SSp', 'DG', 'HPF']",2,im114_r-1.0,True
1210863396,1210916970,2022-09-14 14:03:04.093000,NP.1,EPHYS_3,623786,wt/wt,M,DynamicGating,199,"['probeA', 'probeB', 'probeC', 'probeD', 'probeE', 'probeF']",2469,2304,"['VISl', 'CA2', 'VISrl', 'out of brain', 'APN', 'CA1', 'MD', 'CP', 'CA3', 'LSv', 'STR', 'MOs', 'No Area', 'VL', 'VPM', 'MOp', 'LGv', 'SUB', 'BST', 'VISp', 'RT', 'V3', 'RSPagl', 'RSPd', 'SSp', 'DG', 'NOT']",3,im005_r-1.0,True
1211232400,1211302753,2022-09-15 13:25:17.717000,NP.1,EPHYS_4,623786,wt/wt,M,DynamicGating,199,"['probeA', 'probeB', 'probeC', 'probeD', 'probeE', 'probeF']",2351,2304,"['CA2', 'APN', 'out of brain', 'CA1', 'CA3', 'STR', 'MOs', 'MH', 'ProS', 'ILA', 'MB', 'No Area', 'Eth', 'LSr', 'PL', 'LGv', 'SUB', 'VISp', 'MS', 'VISal', 'PVT', 'TH', 'ACAd', 'RSPagl', 'MRN', 'RSPd', 'SSp', 'DG', 'HPF', 'POL', 'NOT']",4,im087_r-1.0,True
1214217748,1214239830,2022-09-26 14:24:57.519000,NP.1,EPHYS_1,626279,wt/wt,M,DynamicGating,196,"['probeA', 'probeB', 'probeC', 'probeD', 'probeE', 'probeF']",2192,2304,"['VISl', 'VPL', 'SCsg', 'MGm', 'MGv', 'out of brain', 'CA1', 'MD', 'CP', 'CA3', 'PIL', 'PP', 'LH', 'MOs', 'SCop', 'No Area', 'MB', 'LGd', 'VL', 'SCiw', 'SCzo', 'MOp', 'SUB', 'VISp', 'RT', 'PRE', 'VISal', 'MGd', 'TH', 'ACAd', 'LD', 'MRN', 'RSPd', 'SCig', 'SSp', 'DG', 'HPF', 'RSPv']",1,im104_r-1.0,True
1214409109,1214421939,2022-09-27 14:55:24.967000,NP.1,EPHYS_2,626279,wt/wt,M,DynamicGating,196,['probeA'],144,384,"['SEZ', 'MOs', 'AV', 'TH', 'V3', 'No Area', 'MOp', 'VL']",2,im114_r-1.0,True
1214566710,1214588719,2022-09-28 14:06:34.313000,NP.1,EPHYS_3,626279,wt/wt,M,DynamicGating,196,"['probeA', 'probeB', 'probeC', 'probeD', 'probeE', 'probeF']",2125,2304,"['VISl', 'SCsg', 'MGm', 'CA2', 'MGv', 'out of brain', 'CA1', 'MD', 'CA3', 'MOs', 'SCop', 'MH', 'AV', 'No Area', 'MB', 'LGd', 'VL', 'SCiw', 'SCzo', 'MOp', 'SUB', 'CL', 'VISp', 'VISal', 'MGd', 'TH', 'LD', 'MRN', 'RSPd', 'SCig', 'SSp', 'DG', 'HPF', 'VAL', 'RSPv']",3,im005_r-1.0,True
1214740195,1214763736,2022-09-29 13:51:57.899000,NP.1,EPHYS_4,626279,wt/wt,M,DynamicGating,196,"['probeA', 'probeB', 'probeC', 'probeD', 'probeE', 'probeF']",1517,2304,"['out of brain', 'CA1', 'SGN', 'CP', 'MOs', 'AV', 'ProS', 'No Area', 'VL', 'SEZ', 'Eth', 'MOp', 'LP', 'SUB', 'VISpm', 'VISp', 'MGd', 'TH', 'LD', 'RSPagl', 'RSPd', 'SSp', 'DG', 'VAL']",4,im087_r-1.0,True
1218577463,1218614190,2022-10-17 15:01:00.383000,NP.1,EPHYS_1,632295,wt/wt,F,DynamicGating,173,"['probeA', 'probeB', 'probeC', 'probeD', 'probeE', 'probeF']",2212,2304,"['VISl', 'VPL', 'CA2', 'MGm', 'MGv', 'out of brain', 'APN', 'CA1', 'CP', 'CA3', 'No Area', 'VL', 'LP', 'SUB', 'CL', 'VISp', 'RT', 'MGd', 'TH', 'LD', 'RSPagl', 'SSp', 'DG', 'VAL', 'NOT']",1,im104_r-1.0,True
1218795542,1218885300,2022-10-18 14:58:11.382000,NP.1,EPHYS_2,632295,wt/wt,F,DynamicGating,173,"['probeA', 'probeB', 'probeC', 'probeD', 'probeE', 'probeF']",2418,2304,"['SCsg', 'MGm', 'PoT', 'out of brain', 'CA1', 'CP', 'LSv', 'MOs', 'SCop', 'AV', 'AD', 'No Area', 'MB', 'VL', 'SCiw', 'SEZ', 'Eth', 'SCzo', 'LSr', 'MOp', 'LP', 'VISp', 'RT', 'VISal', 'MGd', 'TH', 'V3', 'RSPagl', 'MRN', 'RSPd', 'VISa', 'SCig', 'SSp', 'DG', 'AMd', 'RSPv']",2,im114_r-1.0,True
1219127153,1219190138,2022-10-19 14:57:24.516000,NP.1,EPHYS_3,632295,wt/wt,F,DynamicGating,173,"['probeA', 'probeB', 'probeD', 'probeE', 'probeF']",1719,1920,"['VISl', 'VPL', 'CA2', 'MGm', 'MGv', 'out of brain', 'CA1', 'CP', 'CA3', 'AV', 'No Area', 'Track not annotated', 'LGd', 'VL', 'MOp', 'LP', 'CL', 'RT', 'TH', 'LD', 'RSPagl', 'SSp', 'DG', 'HPF', 'VAL']",3,im005_r-1.0,True
1219401111,1219501816,2022-10-20 14:58:33.071000,NP.1,EPHYS_4,632295,wt/wt,F,DynamicGating,173,"['probeA', 'probeB', 'probeD', 'probeE', 'probeF']",2029,1920,"['SCsg', 'MGm', 'PoT', 'APN', 'out of brain', 'CA1', 'CP', 'CA3', 'STR', 'MOs', 'SCop', 'AV', 'AD', 'ProS', 'No Area', 'MB', 'Track not annotated', 'VL', 'SEZ', 'SCzo', 'MOp', 'VISp', 'VISal', 'MGd', 'TH', 'V3', 'RSPagl', 'RSPd', 'SSp', 'SCig', 'DG', 'GPe', 'AMd', 'RSPv']",4,im087_r-1.0,True
1224385827,1224444470,2022-11-07 16:06:11.630000,NP.1,EPHYS_1,633232,Sst-IRES-Cre/wt;Ai32(RCL-ChR2(H134R)_EYFP)/wt,F,DynamicGating,186,"['probeA', 'probeE', 'probeF']",1088,1152,"['SEZ', 'VPL', 'MOs', 'TH', 'ACAd', 'VPM', 'LD', 'LSr', 'No Area', 'MOp', 'LSc', 'Track not annotated', 'SSp', 'LGd', 'CP', 'CA3', 'VL']",1,im104_r-1.0,True
1224635971,1224702301,2022-11-08 15:01:10.028000,NP.1,EPHYS_2,633232,Sst-IRES-Cre/wt;Ai32(RCL-ChR2(H134R)_EYFP)/wt,F,DynamicGating,186,"['probeB', 'probeC', 'probeD', 'probeE', 'probeF']",1933,1920,"['MGv', 'out of brain', 'CA1', 'CP', 'CA3', 'STR', 'LH', 'MOs', 'No Area', 'Track not annotated', 'LGd', 'VL', 'SEZ', 'VPM', 'LSr', 'MOp', 'LGv', 'VISp', 'MGd', 'TH', 'RSPd', 'SSp', 'DG', 'HPF']",2,im114_r-1.0,True
1224928532,1224969502,2022-11-09 14:59:48.077000,NP.1,EPHYS_3,633232,Sst-IRES-Cre/wt;Ai32(RCL-ChR2(H134R)_EYFP)/wt,F,DynamicGating,186,"['probeB', 'probeD', 'probeE', 'probeF']",1451,1536,"['VPL', 'VISrl', 'out of brain', 'CA1', 'CP', 'CA3', 'No Area', 'Track not annotated', 'LGd', 'VL', 'SEZ', 'MOp', 'VISp', 'RT', 'VISal', 'TH', 'SSp', 'DG', 'VAL']",3,im005_r-1.0,True
1225178442,1225223456,2022-11-10 14:56:06.181000,NP.1,EPHYS_4,633232,Sst-IRES-Cre/wt;Ai32(RCL-ChR2(H134R)_EYFP)/wt,F,DynamicGating,186,"['probeB', 'probeD', 'probeE', 'probeF']",1461,1536,"['VISl', 'VPL', 'out of brain', 'CA1', 'CP', 'CA3', 'STR', 'MOs', 'No Area', 'Track not annotated', 'LGd', 'VL', 'SEZ', 'VPM', 'LSr', 'MOp', 'VISp', 'RT', 'TH', 'SSp', 'LSc', 'DG']",4,im087_r-1.0,True
1226010097,1226047081,2022-11-14 21:29:54.682000,NP.1,EPHYS_1,636740,Sst-IRES-Cre/wt;Ai32(RCL-ChR2(H134R)_EYFP)/wt,F,DynamicGating,166,"['probeA', 'probeB', 'probeC', 'probeD', 'probeE', 'probeF']",1938,2304,"['FC', 'SCsg', 'out of brain', 'CA1', 'SGN', 'MOs', 'SCop', 'ProS', 'MB', 'No Area', 'VL', 'DT', 'SCiw', 'SEZ', 'SCzo', 'LSr', 'MOp', 'SUB', 'VISp', 'TH', 'V3', 'RSPagl', 'RSPd', 'MRN', 'SCig', 'LSc', 'DG', 'POST', 'RSPv', 'POL']",1,im104_r-1.0,True
1226251663,1226300314,2022-11-15 13:40:32.631000,NP.1,EPHYS_2,636740,Sst-IRES-Cre/wt;Ai32(RCL-ChR2(H134R)_EYFP)/wt,F,DynamicGating,166,"['probeA', 'probeB', 'probeC', 'probeD', 'probeE', 'probeF']",2665,2304,"['VISl', 'SCsg', 'CA2', 'out of brain', 'CA1', 'CP', 'CA3', 'STR', 'SCdg', 'MOs', 'SCop', 'ProS', 'No Area', 'MB', 'PO', 'LGd', 'VL', 'SCiw', 'VPM', 'SCzo', 'LSr', 'MOp', 'LP', 'SUB', 'VISpm', 'VISp', 'SF', 'PRE', 'TH', 'ACAd', 'ACAv', 'MRN', 'RSPd', 'LSc', 'SCig', 'DG', 'HPF', 'SSp', 'RSPv']",2,im114_r-1.0,True
1226528572,1226563618,2022-11-16 14:56:38.376000,NP.1,EPHYS_3,636740,Sst-IRES-Cre/wt;Ai32(RCL-ChR2(H134R)_EYFP)/wt,F,DynamicGating,166,"['probeA', 'probeB', 'probeC', 'probeD', 'probeE', 'probeF']",1629,2304,"['VPL', 'SCsg', 'out of brain', 'APN', 'CA1', 'CP', 'LH', 'SCdg', 'MH', 'SCop', 'NB', 'No Area', 'MB', 'VL', 'SCiw', 'SEZ', 'Eth', 'SCzo', 'LP', 'SUB', 'PF', 'VISp', 'RT', 'PRE', 'TH', 'RSPagl', 'RSPd', 'MRN', 'SCig', 'SSp', 'DG', 'HPF', 'POST', 'VAL', 'RSPv']",3,im005_r-1.0,True
1226780656,1226818630,2022-11-17 15:05:48.002000,NP.1,EPHYS_4,636740,Sst-IRES-Cre/wt;Ai32(RCL-ChR2(H134R)_EYFP)/wt,F,DynamicGating,166,"['probeB', 'probeC', 'probeD', 'probeE', 'probeF']",2402,1920,"['VISl', 'SCsg', 'CA2', 'MGv', 'out of brain', 'CA1', 'CP', 'PIL', 'CA3', 'PP', 'STR', 'SCop', 'ProS', 'No Area', 'MB', 'Track not annotated', 'PO', 'LGd', 'SCiw', 'VPM', 'SCzo', 'MOp', 'LP', 'SUB', 'VISpm', 'TH', 'LD', 'RSPagl', 'MRN', 'RSPd', 'SCig', 'SSp', 'DG', 'RSPv']",4,im087_r-1.0,True
1227622013,1227661589,2022-11-21 14:56:19.287000,NP.1,EPHYS_1,637483,Sst-IRES-Cre/wt;Ai32(RCL-ChR2(H134R)_EYFP)/wt,M,DynamicGating,167,"['probeA', 'probeB', 'probeC', 'probeD', 'probeE', 'probeF']",1815,2304,"['VPL', 'SCsg', 'CA2', 'VISrl', 'out of brain', 'CA1', 'CP', 'CA3', 'STR', 'MOs', 'MH', 'SCop', 'No Area', 'MB', 'VISam', 'VL', 'SCiw', 'SEZ', 'SCzo', 'LSr', 'LGv', 'LP', 'VISpm', 'RT', 'PRC', 'TH', 'V3', 'SPA', 'RSPagl', 'RSPd', 'MRN', 'SCig', 'SSp', 'DG', 'HPF', 'RSPv']",1,im104_r-1.0,True
1227855488,1227892593,2022-11-22 15:28:20.546000,NP.1,EPHYS_2,637483,Sst-IRES-Cre/wt;Ai32(RCL-ChR2(H134R)_EYFP)/wt,M,DynamicGating,167,"['probeA', 'probeB', 'probeC', 'probeD', 'probeE', 'probeF']",2865,2304,"['MGm', 'MGv', 'out of brain', 'APN', 'CA1', 'CP', 'PIL', 'CA3', 'MOs', 'ProS', 'MB', 'No Area', 'PO', 'VL', 'SCiw', 'Eth', 'LSr', 'MOp', 'LP', 'VISp', 'VISal', 'MGd', 'TH', 'ACAd', 'RSPagl', 'ACAv', 'RSPd', 'MRN', 'LSc', 'SCig', 'DG', 'POST', 'RSPv', 'POL']",2,im114_r-1.0,True
1228018071,1228051050,2022-11-23 09:23:29.824000,NP.1,EPHYS_3,637483,Sst-IRES-Cre/wt;Ai32(RCL-ChR2(H134R)_EYFP)/wt,M,DynamicGating,167,"['probeA', 'probeB', 'probeC', 'probeD', 'probeE', 'probeF']",1817,2304,"['VPL', 'SCsg', 'CA2', 'out of brain', 'CA1', 'CP', 'CA3', 'LH', 'STR', 'MOs', 'MH', 'SCop', 'No Area', 'MB', 'VISam', 'PO', 'LGd', 'VL', 'SCiw', 'VPM', 'SCzo', 'LSr', 'MOp', 'LGv', 'LP', 'VISpm', 'RT', 'PVT', 'VISal', 'LD', 'RSPagl', 'RSPd', 'MRN', 'SCig', 'SSp', 'DG', 'RSPv']",3,im005_r-1.0,True
1230732154,1230784576,2022-12-06 00:48:03.171000,NP.1,EPHYS_1,637488,Sst-IRES-Cre/wt;Ai32(RCL-ChR2(H134R)_EYFP)/wt,F,DynamicGating,183,[],2261,0,['Track not annotated'],1,im104_r-1.0,True
1230962048,1231000608,2022-12-07 00:21:21.286000,NP.1,EPHYS_2,637488,Sst-IRES-Cre/wt;Ai32(RCL-ChR2(H134R)_EYFP)/wt,F,DynamicGating,183,[],2328,0,['Track not annotated'],2,im114_r-1.0,True
1231219674,1231267390,2022-12-07 22:35:34.265000,NP.1,EPHYS_3,637488,Sst-IRES-Cre/wt;Ai32(RCL-ChR2(H134R)_EYFP)/wt,F,DynamicGating,183,[],2573,0,['Track not annotated'],3,im005_r-1.0,True
1231476077,1231513402,2022-12-08 22:06:40.453000,NP.1,EPHYS_4,637488,Sst-IRES-Cre/wt;Ai32(RCL-ChR2(H134R)_EYFP)/wt,F,DynamicGating,183,[],2500,0,['Track not annotated'],4,im087_r-1.0,True
1229429400,1229467919,2022-11-29 22:35:55,NP.1,EPHYS_1,638387,Sst-IRES-Cre/wt;Ai32(RCL-ChR2(H134R)_EYFP)/wt,M,DynamicGating,169,"['probeA', 'probeB', 'probeC', 'probeE', 'probeF']",2453,1920,"['CA2', 'SCsg', 'PoT', 'out of brain', 'CA1', 'SGN', 'CP', 'CA3', 'STR', 'MOs', 'MH', 'IMD', 'SCop', 'No Area', 'MB', 'VISam', 'Track not annotated', 'PO', 'SCiw', 'VPM', 'SCzo', 'MOp', 'LP', 'BST', 'VISpm', 'VISp', 'PVT', 'TH', 'V3', 'SPA', 'ACAd', 'RSPd', 'MRN', 'SCig', 'DG', 'HPF', 'RSPv', 'POL']",1,im104_r-1.0,True
1229654875,1229690648,2022-11-30 22:35:48,NP.1,EPHYS_2,638387,Sst-IRES-Cre/wt;Ai32(RCL-ChR2(H134R)_EYFP)/wt,M,DynamicGating,169,"['probeA', 'probeB', 'probeD', 'probeE', 'probeF']",1861,1920,"['VISl', 'VPL', 'IGL', 'out of brain', 'CA1', 'ZI', 'CA3', 'MOs', 'AV', 'AD', 'No Area', 'Track not annotated', 'LGd', 'VL', 'VPM', 'LSr', 'MOp', 'LGv', 'VISp', 'RT', 'VISal', 'TH', 'ACAd', 'LD', 'RSPagl', 'ACAv', 'LSc', 'SSp', 'DG']",2,im114_r-1.0,True
1229887685,1229929438,2022-12-01 22:32:56.397000,NP.1,EPHYS_3,638387,Sst-IRES-Cre/wt;Ai32(RCL-ChR2(H134R)_EYFP)/wt,M,DynamicGating,169,"['probeA', 'probeB', 'probeD', 'probeE', 'probeF']",2397,1920,"['SCsg', 'MGm', 'VISrl', 'MGv', 'out of brain', 'CA1', 'CP', 'CA3', 'MH', 'SCop', 'PAG', 'MB', 'No Area', 'Track not annotated', 'PO', 'SCiw', 'SCzo', 'MOp', 'LP', 'VISp', 'PRC', 'MGd', 'TH', 'RSPagl', 'RSPd', 'MRN', 'SCig', 'DG', 'POST', 'RSPv']",3,im005_r-1.0,True
1230064747,1230102837,2022-12-02 19:24:12.268000,NP.1,EPHYS_4,638387,Sst-IRES-Cre/wt;Ai32(RCL-ChR2(H134R)_EYFP)/wt,M,DynamicGating,169,"['probeA', 'probeB']",1302,768,"['MOs', 'Eth', 'ACAd', 'LSr', 'ACAv', 'No Area', 'RSPagl', 'LSc', 'RSPd', 'LP', 'DG', 'PO', 'CA1', 'out of brain', 'Track not annotated', 'SF']",4,im087_r-1.0,True
1234028213,1234066294,2022-12-19 23:33:12.680000,NP.1,EPHYS_1,640887,Sst-IRES-Cre/wt;Ai32(RCL-ChR2(H134R)_EYFP)/wt,M,DynamicGating,172,"['probeA', 'probeB', 'probeC', 'probeD', 'probeE', 'probeF']",2022,2304,"['VPL', 'CA2', 'out of brain', 'CA1', 'CP', 'CA3', 'LSv', 'STR', 'MOs', 'No Area', 'VISam', 'PO', 'VL', 'SEZ', 'VPM', 'LSr', 'LP', 'RT', 'ACAd', 'LD', 'RSPagl', 'SSp', 'DG']",1,im104_r-1.0,True
1234203203,1234233932,2022-12-20 19:52:11.869000,NP.1,EPHYS_2,640887,Sst-IRES-Cre/wt;Ai32(RCL-ChR2(H134R)_EYFP)/wt,M,DynamicGating,172,"['probeA', 'probeB', 'probeC', 'probeE', 'probeF']",2082,1920,"['SCsg', 'VISrl', 'PoT', 'out of brain', 'CA1', 'SGN', 'CP', 'LH', 'STR', 'MOs', 'SCop', 'No Area', 'MB', 'Track not annotated', 'SCiw', 'SCzo', 'MOp', 'LP', 'VISp', 'VISal', 'TH', 'RSPagl', 'RSPd', 'MRN', 'SCig', 'DG', 'POST', 'RSPv', 'POL']",2,im114_r-1.0,True
1234410451,1234442908,2022-12-21 20:00:53.408000,NP.1,EPHYS_3,640887,Sst-IRES-Cre/wt;Ai32(RCL-ChR2(H134R)_EYFP)/wt,M,DynamicGating,172,"['probeA', 'probeB', 'probeC', 'probeE', 'probeF']",2096,1920,"['CA1', 'CP', 'CA3', 'STR', 'MOs', 'No Area', 'VISam', 'Track not annotated', 'PO', 'VL', 'SEZ', 'VPM', 'LSr', 'LP', 'RT', 'ACAd', 'LD', 'RSPagl', 'ACAv', 'RSPd', 'PAL', 'SSp', 'DG']",3,im005_r-1.0,True
1232430325,1232515558,2022-12-12 22:53:02.328000,NP.1,EPHYS_1,640890,Sst-IRES-Cre/wt;Ai32(RCL-ChR2(H134R)_EYFP)/wt,M,DynamicGating,165,"['probeA', 'probeB', 'probeC', 'probeD', 'probeE', 'probeF']",2667,2304,"['MGm', 'SPFp', 'MGv', 'PoT', 'out of brain', 'APN', 'CA1', 'CP', 'CA3', 'STR', 'MOs', 'MB', 'No Area', 'VISam', 'PO', 'LGd', 'VPM', 'FF', 'LSr', 'MOp', 'LP', 'VISpm', 'VISp', 'SF', 'VISal', 'TH', 'ACAd', 'ACAv', 'LSc', 'SCig', 'DG', 'POST']",1,im104_r-1.0,True
1232725697,1232770660,2022-12-13 23:09:18.825000,NP.1,EPHYS_2,640890,Sst-IRES-Cre/wt;Ai32(RCL-ChR2(H134R)_EYFP)/wt,M,DynamicGating,165,"['probeA', 'probeB', 'probeC', 'probeD', 'probeF']",1959,1920,"['VPL', 'CA2', 'VISrl', 'out of brain', 'CA1', 'CP', 'CA3', 'STR', 'MOs', 'MH', 'No Area', 'VISam', 'Track not annotated', 'VL', 'SEZ', 'VPM', 'LSr', 'MOp', 'RT', 'VISal', 'V3', 'ACAd', 'LD', 'VISa', 'ACAv', 'RSPagl', 'SSp', 'DG', 'HPF']",2,im114_r-1.0,True
1232954220,1232997669,2022-12-14 21:33:57.857000,NP.1,EPHYS_3,640890,Sst-IRES-Cre/wt;Ai32(RCL-ChR2(H134R)_EYFP)/wt,M,DynamicGating,165,"['probeA', 'probeB', 'probeC', 'probeD', 'probeE', 'probeF']",2315,2304,"['MGm', 'SPFp', 'MGv', 'PoT', 'out of brain', 'APN', 'CA1', 'CP', 'PIL', 'CA3', 'LSv', 'MOs', 'MB', 'No Area', 'VISam', 'PO', 'VL', 'LSr', 'MOp', 'LP', 'SUB', 'VISpm', 'VISp', 'SF', 'VISal', 'MGd', 'TH', 'ACAd', 'ACAv', 'LSc', 'DG']",3,im005_r-1.0,True
1233182785,1233216826,2022-12-15 22:33:30.688000,NP.1,EPHYS_4,640890,Sst-IRES-Cre/wt;Ai32(RCL-ChR2(H134R)_EYFP)/wt,M,DynamicGating,165,"['probeA', 'probeB', 'probeC', 'probeD', 'probeF']",1678,1920,"['CA2', 'VISrl', 'out of brain', 'CA1', 'MD', 'CA3', 'LH', 'STR', 'MOs', 'MH', 'No Area', 'VISam', 'Track not annotated', 'VPM', 'LSr', 'MOp', 'MS', 'RT', 'VISal', 'ACAd', 'LD', 'VISa', 'ACAv', 'SSp', 'DG', 'HPF']",4,im087_r-1.0,True
1243523806,1243589877,2023-01-30 23:39:42.632000,NP.1,EPHYS_1,642504,Sst-IRES-Cre/wt;Ai32(RCL-ChR2(H134R)_EYFP)/wt,F,DynamicGating,202,"['probeA', 'probeB', 'probeC', 'probeE', 'probeF']",1419,1920,"['VISl', 'MGm', 'out of brain', 'CA1', 'CP', 'PIL', 'STR', 'MOs', 'ProS', 'MB', 'No Area', 'Track not annotated', 'PO', 'VL', 'SEZ', 'Eth', 'LSr', 'MOp', 'LP', 'VISpm', 'MGd', 'TH', 'ACAd', 'RSPagl', 'RSPd', 'LSc', 'DG']",1,im104_r-1.0,True
1243799530,1243847955,2023-01-31 22:54:23.578000,NP.1,EPHYS_2,642504,Sst-IRES-Cre/wt;Ai32(RCL-ChR2(H134R)_EYFP)/wt,F,DynamicGating,202,"['probeA', 'probeB', 'probeC', 'probeE', 'probeF']",1607,1920,"['CA2', 'OP', 'out of brain', 'CA1', 'CA3', 'STR', 'MB', 'No Area', 'Track not annotated', 'PO', 'LGd', 'VL', 'SCiw', 'SEZ', 'LSr', 'MOp', 'LP', 'VISpm', 'VISp', 'SF', 'RSPagl', 'RSPd', 'MRN', 'SCig', 'SSp', 'DG', 'HPF', 'LSc', 'POST', 'RSPv']",2,im114_r-1.0,True
1244070169,1244098087,2023-02-01 23:10:36.070000,NP.1,EPHYS_3,642504,Sst-IRES-Cre/wt;Ai32(RCL-ChR2(H134R)_EYFP)/wt,F,DynamicGating,202,"['probeA', 'probeB', 'probeC', 'probeE', 'probeF']",1682,1920,"['MGm', 'SPFp', 'MGv', 'PoT', 'out of brain', 'CA1', 'CP', 'CA3', 'STR', 'MOs', 'MB', 'No Area', 'Track not annotated', 'PO', 'LGd', 'VL', 'SEZ', 'LSr', 'MOp', 'LP', 'BST', 'VISpm', 'VISal', 'MGd', 'TH', 'ACAd', 'RSPagl', 'ACAv', 'RSPd', 'MRN', 'LSc', 'SSp', 'DG']",3,im005_r-1.0,True
